迭代周期,用户故事,任务
"Sprint 1: 基础设施与骨架搭建","作为架构师，我希望搭建前后端分离的技术骨架，以便后续模块快速开发。","1. 初始化 Spring Boot 后端项目与所需依赖
2. 初始化 Vue3 + Vite 前端项目，集成 Element Plus
3. 编写数据库 schema.sql 脚本并初始化 MySQL 数据库
4. 验证前后端的基础跨域配置及网络连通性"
"Sprint 2: 用户认证与权限闭环","作为新用户，我希望能够注册和登录系统，以便安全地访问平台受保护的功能。","1. 开发后端 JWT 签发与鉴权过滤器（SecurityConfig）
2. 开发后端用户注册（加密存储）与登录功能 API
3. 开发前端登录页、注册页并集成状态管理（Pinia）
4. 全局拦截未登录请求并处理异常"
"Sprint 3: 活动大厅与管理台","作为管理员，我希望能够发布和管理活动；作为普通用户，我希望能够浏览活动大厅。","1. 开活动发布、编辑、软删除相关的 API
2. 开发活动列表分页、状态筛选、分类筛选接口
3. 设计前端 UI/UX Pro Max（高颜值卡片、毛玻璃导航）
4. 实现前端活动列表聚合页及详情页渲染
5. 给详情页附加基于身份的管理员专属修改入口"
"Sprint 4: 核心互动-报名机制","作为参与者，我希望能够报名参加感兴趣的活动，并看到自己成功锁定了名额。","1. 设计参与记录表，开发报名/取消报名的 API 控制器
2. 在后端 Service 层实现防超卖的并发扣减与事务控制
3. 前端详情页增加报名交互及并发超限后的状态回显
4. 新增已结束/进行中活动的报名控制校验规则"
"Sprint 5: 讨论区与社交延伸","作为讨论参与者，我希望能够发表评论分享看法，并能收藏喜欢的活动。","1. 搭建评论区 API，实现倒序排列与分页返回
2. 前端引入讨论区模块，完成前端表单和留言展示
3. 搭建收藏与取消收藏的动作 API
4. 实现个人主页（Profile），汇聚用户的报名记录与收藏列表"
"Sprint 6: 上线测试与性能优化","作为产品经理，我希望系统功能全通、无 Bug 并流畅运行，以便交付给全校师生使用。","1. 执行前后端的全链路端到端测试（E2E Testing）
2. 修复极端边界条件下的安全或排版问题（如超长文本截断）
3. 执行后端 Maven 打包，输出独立 jar 包
4. 前端执行 build 构建，部署至 Nginx 静态服务器"
